Latent_factors,Iterations,Learning_Rate,Regularization,Convergence,RMSE,MRR_5,MRR_10,NDCG_5,NDCG_10,History,Time,BatchSize
5,70,0.005,0.01,1e-05,3.5065473977289643,0.0,0.0,0.07724369103118371,0.07578088069656685,"[3.4463906250339527, 3.4463531657256006, 3.4463177646583176, 3.4462790914612964, 3.4462435777794447, 3.4462134312567314, 3.446175698816679, 3.446138724383096, 3.4460996360690967, 3.446055100598904, 3.446012189595736, 3.445975361570891, 3.445940264683732, 3.4458994422674825, 3.4458553604704196, 3.445816506030916, 3.4457760538269055, 3.445729437741812, 3.445685631133813, 3.445645597552522, 3.4456028921134956, 3.445563616779586, 3.4455231434669926, 3.445481182162714, 3.445435507272548, 3.445396361933218, 3.445352273628488, 3.4453132304806573, 3.445269891958088, 3.4452229022407126, 3.4451778182741877, 3.4451369627396002, 3.445095331872697, 3.445048139087413, 3.445002973270355, 3.4449599134554827, 3.4449154865813827, 3.4448712643230492, 3.4448227131670754, 3.444773524086173, 3.4447271632784764, 3.44467848837296, 3.444627619510481, 3.444574932416568, 3.4445248371227706, 3.444474338059756, 3.44442999872791, 3.444376084805857, 3.444322542200233, 3.44427388839321, 3.4442224795484258, 3.4441764236451817, 3.4441258024984966, 3.4440768762529506, 3.4440253996512955, 3.4439743929589968, 3.443923013126212, 3.4438734983792654, 3.44382696402318, 3.443775536807611, 3.443724085668128, 3.4436693680020762, 3.443615838236128, 3.443563182489058, 3.443513286481631, 3.443457305449648, 3.4434016755704913, 3.443356384629577, 3.443302599478219, 3.4432475525055652]",248.40189862251282,200.0
5,70,0.005,0.01,0.001,3.506559700582347,0.0,0.0,0.07724369103118371,0.07578088069656685,"[3.4463906250339527, 3.4463547137639923, 3.446316445710839, 3.4462779375236203, 3.446244733988406, 3.4462079540931723, 3.446166850342545, 3.446127123225996, 3.446095097324958, 3.446059778909515, 3.4460213579906727, 3.445982721400234, 3.445939359039332, 3.4458966826380655, 3.445856046254453, 3.445812054887953, 3.4457723105352684, 3.445730751372948, 3.445691858551919, 3.4456512081586506, 3.445610510124688, 3.4455677128935553, 3.4455283994254415, 3.445482497680169, 3.4454405495631537, 3.445393715168011, 3.4453496183717505, 3.4453090777795254, 3.4452641182675063, 3.4452243928113266, 3.4451811298829704, 3.4451384877531104, 3.4450928149124884, 3.44505011243097, 3.4450048348381164, 3.4449666215819867, 3.444923141457761, 3.444870723650247, 3.4448248490250113, 3.4447755690542, 3.4447269142133967, 3.4446769344657255, 3.444634865335654, 3.4445927338775983, 3.4445408058288765, 3.444494911496688, 3.4444424535435108, 3.4443941806345952, 3.444346030927837, 3.4442913122642578, 3.4442411103658497, 3.444195772866312, 3.444146183967682, 3.4441004236243917, 3.444049596439397, 3.443994704524887, 3.4439426583537305, 3.443888567235671, 3.443831499440692, 3.4437792039360593, 3.4437277986231587, 3.4436742663153592, 3.443621186855736, 3.4435696116246577, 3.443517437531074, 3.4434694839989586, 3.4434172612193357, 3.4433647098088085, 3.4433120724023114, 3.443258516740209]",257.9241876602173,200.0
5,70,0.005,0.1,1e-05,3.5065296899479086,0.0,0.0,0.07724369103118371,0.07578088069656685,"[3.4463906250339527, 3.4463547343102867, 3.446314721351345, 3.446280409315153, 3.4462397507044398, 3.446200421199406, 3.4461624320630277, 3.446127651087963, 3.4460868723487885, 3.4460453080897087, 3.446004661038156, 3.4459697497529347, 3.4459284417712452, 3.4458889990835075, 3.445844973175818, 3.445801621645897, 3.445759372776165, 3.4457155299186653, 3.4456709392586626, 3.445631292916652, 3.4455895975797404, 3.445547597880271, 3.445502495744102, 3.4454611767800722, 3.4454172220356813, 3.4453755333431646, 3.4453365883443343, 3.4452897203467283, 3.4452451697356947, 3.4451981081040244, 3.445153248772248, 3.445105624729249, 3.4450631975205765, 3.445018417976945, 3.4449761282647744, 3.4449311224678145, 3.4448872821156105, 3.444838444951007, 3.444795605014896, 3.4447497833078216, 3.4447058514349123, 3.4446527424723046, 3.444602565357886, 3.444554629262039, 3.4445098718511558, 3.444468080760567, 3.4444207371235693, 3.4443705466247017, 3.4443212299252988, 3.4442730852364702, 3.444227976261155, 3.4441774482428333, 3.4441268599333963, 3.4440759802633405, 3.444027808199051, 3.4439794077461574, 3.4439279994187464, 3.4438759289407397, 3.4438275793094495, 3.4437790079023944, 3.4437271524490316, 3.4436724811260184, 3.443619642204205, 3.443565160024215, 3.4435150255658185, 3.443460974852161, 3.443408466561333, 3.443353095723399, 3.4432999290107236, 3.4432473631039806]",251.83384561538696,200.0
5,70,0.005,0.1,0.001,3.5065305774193423,0.0,0.0,0.07726054066488704,0.07576292135000644,"[3.4463906250339527, 3.4463539923580444, 3.4463192972024284, 3.446283599464509, 3.4462416419448045, 3.446202335589564, 3.446164788915054, 3.4461320082698257, 3.4460926733695767, 3.446059099308019, 3.446014503065877, 3.4459798910865067, 3.4459412684926822, 3.4459011393731, 3.4458562481752546, 3.445814968893993, 3.4457745711638705, 3.4457388082435707, 3.4456956966950307, 3.4456532123193435, 3.445615109337172, 3.4455719591008647, 3.445527886985368, 3.4454852873040474, 3.445443799148806, 3.4453997292195453, 3.445354455176427, 3.4453156037213866, 3.4452676832823066, 3.4452211072868275, 3.4451722289141222, 3.4451292921312944, 3.4450811188158745, 3.4450339610868, 3.4449909308463487, 3.444944269235679, 3.444896063150721, 3.4448481467444885, 3.4448031789305924, 3.4447531577237793, 3.4447074354445633, 3.444661050242765, 3.444613780559711, 3.444564205882009, 3.444517040343168, 3.4444635460713187, 3.444414868972658, 3.4443617277425833, 3.444314170696831, 3.4442683374139653, 3.444215455332528, 3.4441705466018617, 3.4441159373894865, 3.444067462401876, 3.4440147456250965, 3.4439678005555936, 3.4439152900173458, 3.4438701063168633, 3.4438231054457296, 3.4437727353464305, 3.443724422488648, 3.4436669220756384, 3.4436132428949127, 3.443561810579303, 3.443506293637227, 3.4434554257909307, 3.4434049896180574, 3.4433495476753126, 3.443300616366912, 3.4432467004995027]",255.8166790008545,200.0
5,70,0.005,1,1e-05,3.5064452565161925,0.0,0.0,0.07394745846126158,0.07280165059182522,"[3.4463906250339527, 3.4463565270331293, 3.4463162888578145, 3.4462775319188026, 3.4462430992548425, 3.4462074997704604, 3.4461656696388814, 3.4461287049200964, 3.446092820809646, 3.4460554935140753, 3.446014366381183, 3.445976894651961, 3.4459347215920966, 3.4458931487064266, 3.445856670490396, 3.4458129079256383, 3.445776691198856, 3.4457421513235866, 3.445703120893254, 3.4456606704084938, 3.445624610205628, 3.445579926684127, 3.4455350992317837, 3.4454940060458115, 3.44545187633003, 3.4454120507520463, 3.4453718759710688, 3.4453253446228556, 3.445277267194035, 3.4452353146962764, 3.4451956660190484, 3.4451554470064583, 3.445108282996599, 3.4450622176045425, 3.445015731719453, 3.4449722372393405, 3.4449227769852504, 3.4448694257623154, 3.444825470645113, 3.4447742692560213, 3.444726087800627, 3.4446762023823063, 3.4446341430666947, 3.4445843802565435, 3.4445407626931726, 3.444492209946924, 3.4444407526628726, 3.4443927686289295, 3.444346004844443, 3.444296826729872, 3.44424710154509, 3.444200196294228, 3.4441485189368355, 3.4440956393048205, 3.4440514565783755, 3.4440030789183935, 3.4439511400807836, 3.4438995329117827, 3.4438532840014733, 3.443800558778979, 3.4437539656629546, 3.44370532269292, 3.443653628391994, 3.4436078918578152, 3.4435583907955225, 3.443506671372785, 3.443456001112322, 3.443403047238267, 3.4433529604240816, 3.4433035573863404]",249.0142114162445,200.0
5,70,0.005,1,0.001,3.506432754437596,0.0,0.0,0.07394745846126158,0.07269852279040145,"[3.4463906250339527, 3.4463525100166406, 3.4463200274158, 3.4462785558242075, 3.4462451593743713, 3.446210308366612, 3.446170098220965, 3.4461318703287724, 3.4460924180493624, 3.4460575598024503, 3.4460176247203367, 3.445975927172562, 3.4459372226581575, 3.44589536463802, 3.4458514188484415, 3.4458078818955933, 3.445764346662807, 3.4457173888337174, 3.445676227230937, 3.445636727396743, 3.4455951324731844, 3.4455523649970488, 3.4455100825961393, 3.44546909309386, 3.4454295049493533, 3.44538911282702, 3.4453501699608675, 3.4453065449081715, 3.4452624696598613, 3.4452202267299055, 3.4451774631302956, 3.4451336804611254, 3.4450971848734895, 3.445050798267418, 3.4450089840510114, 3.4449619771667006, 3.4449134238439445, 3.444872889876819, 3.4448277245787824, 3.4447820344333877, 3.4447377240787924, 3.444690326398032, 3.4446345312258804, 3.444584668170812, 3.4445390839082557, 3.444488017579813, 3.4444380761850186, 3.444395919251861, 3.44434580720788, 3.444297692986387, 3.444250625119875, 3.444201157555748, 3.4441554509244487, 3.444104373717197, 3.4440563330238305, 3.4440029982016926, 3.4439553232290563, 3.4439111512123293, 3.443862295637948, 3.4438100046611866, 3.443759343673552, 3.443711529013698, 3.443660174731868, 3.4436130434886514, 3.443564343212832, 3.443514422265461, 3.4434589409355354, 3.4434052148923406, 3.4433506333953225, 3.4432960266106933]",243.38674426078796,200.0
5,70,0.05,0.01,1e-05,3.4706484268348854,0.09840933191940615,0.10348684542746048,0.06059799570457532,0.0547231657802775,"[3.4463906250339527, 3.4459740617357313, 3.4455787004152234, 3.445117338489863, 3.444628894177518, 3.4441171537164386, 3.443653909346099, 3.443138614786755, 3.442612479511691, 3.442123396956578, 3.4415821161525906, 3.4409882738663504, 3.4403553749919333, 3.4397768001082003, 3.4391584500175076, 3.4385622271887586, 3.437935947418213, 3.4372746280812008, 3.436607115994663, 3.4359421344882004, 3.4352354973567665, 3.4345608724240977, 3.4338544625866176, 3.4331406064483243, 3.4324872269825164, 3.4317784647509155, 3.4310457670504264, 3.430319294692208, 3.4296345887774624, 3.42892811306266, 3.428250223734841, 3.427556656213986, 3.4268523275979246, 3.426144613394171, 3.4254344685085285, 3.4247791413390356, 3.4240774497639275, 3.4234258211370925, 3.422796622234846, 3.422131471177101, 3.421446992290757, 3.4208288648440766, 3.4201673289938754, 3.4195075652700035, 3.418861801079254, 3.4181972088254593, 3.417571276294947, 3.4169152010558497, 3.4162682538674023, 3.415672472138239, 3.415058800003585, 3.4143983511042078, 3.4137609996979763, 3.413161503146229, 3.412554997303835, 3.411920967477055, 3.411278915986683, 3.4106778480883055, 3.410117437565781, 3.4094973074023343, 3.4089150674352773, 3.4083614386711703, 3.4077755009492083, 3.407163771515123, 3.4065898316526284, 3.4060175052112713, 3.405434493119711, 3.404907875761334, 3.4043580043503274, 3.4037798361447513]",222.8575222492218,200.0
5,70,0.05,0.01,0.001,3.4704943296266646,0.09655355249204667,0.1014219226043192,0.05996939759329448,0.05407002355639598,"[3.4463906250339527, 3.445939851077006, 3.44552065107025, 3.4451375255401815, 3.4446911507439455, 3.444191540903584, 3.443666889735597, 3.4431153548420452, 3.44261258134864, 3.4420387972688213, 3.441466638061762, 3.4408988791998794, 3.4402474400556735, 3.4396092007076855, 3.4389542068650747, 3.438281493721433, 3.437691014955905, 3.4370195001804116, 3.4363224395895235, 3.435707039477889, 3.435034092315393, 3.4344027681335185, 3.4336794916408824, 3.4330070607329897, 3.4323700873063605, 3.431671208074998, 3.4310448012303794, 3.430366623661888, 3.429678337892344, 3.428988533919264, 3.4282572612175684, 3.427572505718308, 3.426892138699832, 3.4261891840719607, 3.4255169533429632, 3.4248523226015624, 3.42419010741585, 3.4235259929519275, 3.4228814414330215, 3.422141347934491, 3.4214580337681437, 3.4208009216971833, 3.4201878267731, 3.4194877228413265, 3.4188679747247828, 3.418181715090642, 3.4174747551539535, 3.4168554703676732, 3.416167229829957, 3.415577753854723, 3.4149085199480442, 3.4142648572859393, 3.413599204373454, 3.412954357647018, 3.4123852335370772, 3.41179699616806, 3.4111896500785073, 3.4105441787338697, 3.409936665351946, 3.4093342403842564, 3.4087639850921505, 3.4082054886681, 3.4076061551310057, 3.4070708480744334, 3.4064715560099468, 3.4058869119760913, 3.405320462993413, 3.404761701533606, 3.4041878284471245, 3.403631402101062]",246.37765502929688,200.0
5,70,0.05,0.1,1e-05,3.4718927979408845,0.09528101802757158,0.09973699271154203,0.05996939759329448,0.05407002355639598,"[3.4463906250339527, 3.4460108279440798, 3.445548483782295, 3.4451414654426533, 3.4447728053913087, 3.444292336222677, 3.443789854183654, 3.4432870646103115, 3.442725534991499, 3.442125811948539, 3.4415795658544504, 3.441007152124439, 3.4403976021699627, 3.439806755860835, 3.439220062181776, 3.4385784687141587, 3.4379697052551577, 3.4373379991810515, 3.4366586796494873, 3.4360003476164196, 3.4353207574873412, 3.4346641263687214, 3.4340247288013144, 3.4333619223193392, 3.43267608107567, 3.431969997266208, 3.431294562759607, 3.4306247672756545, 3.4298922594551917, 3.4292535708214293, 3.4285582806793387, 3.427916129952542, 3.4272097078307495, 3.4265692157460297, 3.4258389395898194, 3.4251548297902557, 3.424473757623674, 3.4238532399930053, 3.4232339363820037, 3.422570315600835, 3.421924771687421, 3.421257321239346, 3.420626518591188, 3.420050160232642, 3.4194332295664136, 3.4187922656567693, 3.418160352202926, 3.4175563171427745, 3.416950880363099, 3.4163747770177064, 3.4157708558684403, 3.4152116990291796, 3.414604645086499, 3.4140258341859924, 3.4134387412480285, 3.412867068985706, 3.4123258262797456, 3.4117605556404103, 3.4111802036137036, 3.4105964145732073, 3.4100697878342667, 3.409520792288444, 3.408975128252764, 3.4084558765340547, 3.4078795549124683, 3.407391563274554, 3.406854040309814, 3.406345770583538, 3.4058084588169626, 3.4052962981267725]",235.20461893081665,200.0
5,70,0.05,0.1,0.001,3.472120259580641,0.09528101802757158,0.09958381726674409,0.05996939759329448,0.05397377953215518,"[3.4463906250339527, 3.4460190296475344, 3.445630297090388, 3.4452525823197453, 3.444768689229731, 3.4442696366163483, 3.443806313889989, 3.443265142338604, 3.442700593724526, 3.4421149258792045, 3.4415213477088766, 3.4409153724925465, 3.4403369529355583, 3.4397882317499824, 3.4391383786586167, 3.4385089728266345, 3.437835355290773, 3.4371926587975534, 3.436600396878534, 3.4359229308419916, 3.435222064494014, 3.434588565560999, 3.433936364705066, 3.4332739598887976, 3.43262115292314, 3.431898994039671, 3.431237702380241, 3.430558892067423, 3.4299259542637164, 3.4292650458318006, 3.4286079341948477, 3.4279150884905003, 3.4273062970423034, 3.4266277885505545, 3.426005494356424, 3.4253191846128903, 3.424598510757279, 3.4239546664133815, 3.4233259199279535, 3.422669749388706, 3.42202685915607, 3.4213772190185034, 3.420705705251245, 3.4201085553643757, 3.4195079472494596, 3.4189164969127646, 3.418322868539475, 3.417705455168128, 3.4171005401718686, 3.416517638493857, 3.415916039224373, 3.4153300075563973, 3.4147428905285655, 3.4141438580321384, 3.4135553439624116, 3.412977420513855, 3.412404232411141, 3.4118383296658448, 3.411250025595381, 3.4107202566874326, 3.4101307562227183, 3.4096319405398523, 3.409085791102498, 3.4085654069840925, 3.40807575166179, 3.407574331098247, 3.407067896795141, 3.4065494509917604, 3.4060359273173715, 3.405507767852431]",224.16918516159058,200.0
5,70,0.05,1,1e-05,3.4792234279506062,0.033492400141392716,0.04137967311350132,0.03584139353454874,0.04554473286244292,"[3.4463906250339527, 3.4459979230931927, 3.44558063125312, 3.4451076394318236, 3.4446375615538973, 3.4441590434620273, 3.4436907102099394, 3.443207953397822, 3.442692290204844, 3.442171020301059, 3.441637295593296, 3.441132962527815, 3.4405480124419974, 3.440024679340524, 3.439461389695942, 3.438905246915547, 3.4383948222221172, 3.4377923632921092, 3.437241320225086, 3.436638766984517, 3.4360632598424843, 3.4355297751831975, 3.434971421636454, 3.434384013297615, 3.4337752074599632, 3.433185632443339, 3.432621205317552, 3.4320373479680018, 3.431537807573778, 3.4309977870923056, 3.4304723785291293, 3.429955732174088, 3.4294833509076854, 3.428981468384059, 3.428513452428102, 3.4280244538225366, 3.4275799567989056, 3.4271114081107235, 3.426662873057832, 3.4261691248244492, 3.4257211623020045, 3.425259408766403, 3.424790710244731, 3.4243500981038855, 3.4239106862262605, 3.4234809188734636, 3.4230137369751112, 3.4225805354187497, 3.4221564175063914, 3.421712876104437, 3.4212999351532307, 3.420858053625833, 3.4205093311179895, 3.420043188162272, 3.4196281366178543, 3.4192189757170883, 3.4188119228472886, 3.4184276673709952, 3.418013887646604, 3.41763690092103, 3.4172541020296006, 3.4169183189461476, 3.4165830065952867, 3.416203984783538, 3.4158719895578633, 3.415540207002128, 3.415194611441353, 3.414892606964314, 3.4145630888737806, 3.4142211231830615]",221.85839414596558,200.0
5,70,0.05,1,0.001,3.4790534409356346,0.033492400141392716,0.04012733760877981,0.03584139353454874,0.04304026243100174,"[3.4463906250339527, 3.4460150453551983, 3.44560726386935, 3.445138738535894, 3.4447151156179, 3.4442656741375655, 3.443790731530239, 3.4432627096215747, 3.442719982172621, 3.442184446617787, 3.441663015587673, 3.4411367875332153, 3.4405643302506084, 3.4399609370048756, 3.4393853911688312, 3.4388516343338664, 3.4383051839954124, 3.4377026811657316, 3.4371513782987964, 3.4365709043883443, 3.4360207770589577, 3.4355072237494717, 3.434958155838377, 3.43439883117427, 3.433870797776546, 3.433243222848677, 3.432695067571671, 3.4321799328345284, 3.4316390901012115, 3.431162849945064, 3.430628398478797, 3.4301290714186297, 3.429612081969849, 3.4290850258727152, 3.4285535022307347, 3.4280423824579476, 3.427528410618441, 3.4270712878932965, 3.4265487869416975, 3.4260293401090336, 3.4255435173824607, 3.425065099742828, 3.4246664692791455, 3.424193239866147, 3.423740237946524, 3.4233046077619753, 3.4229072155833915, 3.422431537383459, 3.4220349925171, 3.4216017648841826, 3.421235232136338, 3.420807212326479, 3.4204472487324757, 3.420068033639612, 3.419695488725459, 3.419235306578771, 3.418846479561655, 3.4185066845766436, 3.4181405639467664, 3.4177126323367486, 3.4173421255641943, 3.417005489596659, 3.4166066317730275, 3.416241540007144, 3.4158990506946125, 3.415505894679303, 3.4151345158094055, 3.414762005149434, 3.4144233740552554, 3.4140628760147873]",223.95973873138428,200.0
5,70,0.3,0.01,1e-05,3.3867364474602986,0.05111346765641569,0.05950024407076369,0.034130247142087955,0.036651040062970285,"[3.4463906250339527, 3.443431556556945, 3.4401720195756473, 3.436299085990225, 3.4324479568350146, 3.4280680596171034, 3.42390493017023, 3.4197740090821176, 3.4159738978041014, 3.4119987012441366, 3.408565182448271, 3.4049466304118985, 3.401493625198346, 3.3985622575273324, 3.3954281211446373, 3.392549355772448, 3.3897926001232546, 3.3870315172957626, 3.3840667845553907, 3.381523229901667, 3.379367515494183, 3.376961118948846, 3.3747687219985045, 3.3728707772064856, 3.370625079614844, 3.3685029369867534, 3.3666136514215386, 3.365270615099771, 3.36363824644067, 3.3617619478570897, 3.3600058676578115, 3.3583193602661834, 3.356571493578628, 3.3550663772632907, 3.3535536745808647, 3.352081755420426, 3.350668498121678, 3.349108714937897, 3.347659684472984, 3.346459459456902, 3.3451322269971575, 3.3437192831289457, 3.3424243676849117, 3.3410983714117393, 3.3399085975815423, 3.338958370824237, 3.3379772434438726, 3.3366127130318226, 3.335620010848244, 3.334770390368806, 3.3337726713901077, 3.3326490815628675, 3.3316583441083, 3.330454263942202, 3.329518800749039, 3.3286671975875937, 3.327521458563741, 3.326565201238113, 3.325573676675633, 3.324645404849533, 3.3241241500895895, 3.323528186629932, 3.3226700754336136, 3.321909380976714, 3.3209710075024956, 3.320241960560278, 3.3195828990392617, 3.3187994312180424, 3.318216228490653, 3.3175617358904765]",223.61062717437744,200.0
5,70,0.3,0.01,0.001,3.386958447269867,0.05111346765641569,0.06221195441768083,0.034130247142087955,0.04158453132212434,"[3.4463906250339527, 3.443816711694659, 3.440295648541728, 3.436381944589977, 3.4322561394935107, 3.427961863521816, 3.4238600356390547, 3.4199283783038323, 3.415928465056108, 3.411998530851727, 3.408179182406195, 3.4049956623220083, 3.4017560289914273, 3.399063952584557, 3.3957615129200875, 3.3931321757775947, 3.3903524918485193, 3.387570622580657, 3.3847693575240867, 3.3823540147710545, 3.379986375596033, 3.3777077993530713, 3.375522625521454, 3.3734672543371715, 3.3711746937208966, 3.3689452924132524, 3.367069344444791, 3.3652747326656542, 3.363459841742772, 3.361690024404393, 3.3600780924687297, 3.35836064164025, 3.3566316582618914, 3.355232360259305, 3.3536659612966977, 3.3519328267831723, 3.3504850814426077, 3.3492380146734684, 3.3477009930629547, 3.3461014618135474, 3.3448645887621313, 3.343613655376561, 3.342367816659177, 3.341226764282049, 3.339882020598089, 3.3386195518875303, 3.337401105036109, 3.3364515202604537, 3.335370276774366, 3.3342766602260174, 3.3333074990897575, 3.3323213582961695, 3.331430814558975, 3.3303248780853205, 3.3292404548946357, 3.328358428892411, 3.327624319379651, 3.3268730571891147, 3.325911162729315, 3.3250712331787176, 3.324096817819974, 3.323342270806828, 3.3226043968259655, 3.321839475072736, 3.320935570000407, 3.320444986228149, 3.319567542983933, 3.318903456661959, 3.3184712632030937, 3.317757416700997]",232.63223934173584,200.0
5,70,0.3,0.1,1e-05,3.4003283007140506,0.05001767408978437,0.06188792943830059,0.034130247142087955,0.04187763209166723,"[3.4463906250339527, 3.443618600300206, 3.4403325537949545, 3.4367609468035623, 3.4329148185434173, 3.4288307111494856, 3.4245033119066335, 3.420610662359975, 3.4168636192320916, 3.413457466756021, 3.409948303043246, 3.4065862283033943, 3.4033004595742424, 3.4006021383297953, 3.3978959798983217, 3.395154464428153, 3.392797289979447, 3.3901640234481665, 3.38810712672977, 3.3859587609941384, 3.3839234627971693, 3.381923584061519, 3.3801357655327147, 3.3781797079792395, 3.376408607815515, 3.374092231498222, 3.372636851489408, 3.370926228223148, 3.3692594731667618, 3.367682802139987, 3.3663362617179535, 3.364865083198991, 3.3636680609443776, 3.362442752514514, 3.3608195496438054, 3.359408162250927, 3.3584462181146484, 3.3574788566531284, 3.3561911537752334, 3.3550098773332135, 3.354122028464195, 3.3530621637388944, 3.3522255151023175, 3.351290704086389, 3.3502956680802427, 3.3494074951157806, 3.348583457477492, 3.3475288191010577, 3.3466668031982456, 3.3457754066753456, 3.344796509179173, 3.343865972963812, 3.343025788099169, 3.3420885949211403, 3.341257370054606, 3.340655062639855, 3.3400003432017695, 3.339448240803242, 3.338838213483217, 3.3378999840407815, 3.3371721864320065, 3.3363527260141685, 3.3355603505888434, 3.335181205742052, 3.3345327234226825, 3.3339774638917503, 3.3333752831209256, 3.3329088974996797, 3.332338674921004, 3.3319323303049986]",229.70505237579346,200.0
5,70,0.3,0.1,0.001,3.400739329250122,0.04922234004948745,0.06174106616842566,0.034130247142087955,0.04216538136003164,"[3.4463906250339527, 3.443535272417366, 3.440033610754093, 3.436115508898092, 3.4324296279121227, 3.4286199877827244, 3.4245226137646823, 3.4207905746412504, 3.416852658248802, 3.41321458739413, 3.410022397464768, 3.406799661021208, 3.4037809050680634, 3.400877310270643, 3.3979217748852304, 3.395241422873927, 3.392774952224073, 3.390122366670653, 3.388027047241659, 3.385778208313489, 3.3833920690798434, 3.3813273748695036, 3.379545672280801, 3.3776959154688284, 3.3760414304219686, 3.3743351949490172, 3.372565444205222, 3.37104112105186, 3.3695188823008166, 3.367805706795616, 3.3664922533019213, 3.365058416139249, 3.3634094683698117, 3.362055904406473, 3.3607936533028244, 3.359495461531671, 3.3584644222696824, 3.357510426399786, 3.3562849178531025, 3.3551771962185164, 3.354223900249347, 3.3532426412783938, 3.3522030205348976, 3.3513033101928347, 3.3504433161924285, 3.3492667643655, 3.3484520047802473, 3.347251818764439, 3.3463963505232117, 3.345549681100161, 3.344796535550073, 3.344146785808703, 3.3433410115509328, 3.342473275409372, 3.3415421997942087, 3.341038087089732, 3.3405114759995196, 3.3398893999620904, 3.3390101464639956, 3.3384436807123277, 3.3375223879926943, 3.336971161057423, 3.3364542748381614, 3.335923542129751, 3.335023652670873, 3.33442113341039, 3.3341082762473397, 3.3333668754765298, 3.332868113857074, 3.332359360959649]",222.0002887248993,200.0
5,70,0.3,1,1e-05,3.427492716757005,0.02741251325556734,0.03611658166271104,0.024526753756028086,0.03534611240376154,"[3.4463906250339527, 3.443540964731454, 3.4403956058745218, 3.4370904106502844, 3.4334481519687374, 3.4303315232619886, 3.4274991021733276, 3.424792294328897, 3.422156355335, 3.419729070159406, 3.4174968141346733, 3.415432471227812, 3.4132729558244432, 3.4112613723545495, 3.4093721714621816, 3.4076597500735115, 3.4061087949270408, 3.404511973720566, 3.4028610357156275, 3.401492370706836, 3.399929202826298, 3.3985901467819355, 3.3972098856135418, 3.3960192071227757, 3.394791964663872, 3.3936531049374867, 3.3926163001188177, 3.391421015553909, 3.39027299226977, 3.389381883363991, 3.3883850732448857, 3.387589445687013, 3.386514410398203, 3.3854761953046895, 3.384407724496674, 3.3834866005343796, 3.3828521464363877, 3.382101037611785, 3.381277149323308, 3.380145492549489, 3.379328617673936, 3.3786499327651542, 3.3778736383661605, 3.376942759748293, 3.376313155105629, 3.3756794735826623, 3.3748736462702604, 3.3741973957984883, 3.3732848909125868, 3.3726013830601382, 3.3718527705332613, 3.371207884903269, 3.370922037867226, 3.370354970225914, 3.3697925841548724, 3.368875348369022, 3.3686050317935985, 3.3678770053351, 3.3675894739654293, 3.367035715833362, 3.366322773621699, 3.365688898595723, 3.365132141909016, 3.3647260565774233, 3.3642599090438416, 3.363835734830081, 3.3632580435230066, 3.362394499791824, 3.3618005288716963, 3.361511607562912]",231.10021948814392,200.0
5,70,0.3,1,0.001,3.4271857443097975,0.027995758218451752,0.03634634482990792,0.026160332060715524,0.0371745539872758,"[3.4463906250339527, 3.444027849163221, 3.440703560179464, 3.4370590724752716, 3.433792167463648, 3.430733503009667, 3.4274332237011427, 3.424492321985968, 3.4217466668334833, 3.419442059259296, 3.417180465101162, 3.4149298872093343, 3.4130112949583635, 3.4109650856010236, 3.409156342656735, 3.4075443953610773, 3.405734712838045, 3.404339634697053, 3.402941858597285, 3.4015881518881637, 3.400220289034406, 3.3987033897387127, 3.3972376516846694, 3.3957617559930746, 3.3945355493916725, 3.393473725707659, 3.3924461317418593, 3.3911754053950136, 3.3902607207844375, 3.3892365352389007, 3.3882675391022214, 3.3873039292051876, 3.3864581323397074, 3.3852772628166274, 3.3843966943483035, 3.383313648043783, 3.3823971959570605, 3.381807528674774, 3.3811963186419574, 3.3802494102218574, 3.3793774677713104, 3.378654027413523, 3.377880208970411, 3.377129929080278, 3.376332548218582, 3.3757348650237056, 3.3749120750442563, 3.3741372928564446, 3.373546464483842, 3.373061997110049, 3.37253937670092, 3.371854902332703, 3.3707398085075573, 3.370040353978162, 3.369682161444713, 3.3690749540427665, 3.3685941979393523, 3.368061731651447, 3.367523247585813, 3.3667690361934723, 3.3661337895195453, 3.3657144938744965, 3.364983671091651, 3.3645856507113927, 3.3639788143938016, 3.3634698926226005, 3.3630038088530534, 3.3622944046380954, 3.3615676881475647, 3.361221420409565]",226.11704468727112,200.0
10,70,0.005,0.01,1e-05,3.5065812872957345,0.0,0.0,0.07726054066488704,0.07578173941475921,"[3.4463906250339527, 3.4463558000582406, 3.4463203653587517, 3.4462860052050615, 3.4462520809924566, 3.4462132808054813, 3.446174432419968, 3.4461409760236417, 3.4461063108535055, 3.44606708517961, 3.446024915446045, 3.4459825651348956, 3.445941947558646, 3.445899815443998, 3.4458601080340685, 3.445815788555969, 3.4457827122614426, 3.4457425657627194, 3.4456994623054156, 3.4456553485597445, 3.4456096112958052, 3.445568891311311, 3.445525909490615, 3.4454806205536936, 3.4454348940418993, 3.4453962257911717, 3.44535212426614, 3.445306030041867, 3.4452627923369596, 3.4452155416167165, 3.445175640944163, 3.4451270799162748, 3.4450802726567824, 3.445034792913313, 3.4449888925643335, 3.4449480188699955, 3.4449020590703947, 3.4448566522262474, 3.4448133981503934, 3.444766782457705, 3.444723243040235, 3.444679440655968, 3.444631644227476, 3.4445800388231276, 3.4445327660539182, 3.444483386008489, 3.444434381377415, 3.4443875284090026, 3.4443403154153605, 3.4442881817231252, 3.444235756863141, 3.4441873976646113, 3.4441463199828224, 3.4440993340108523, 3.4440430096446053, 3.4439907182070146, 3.4439410553197853, 3.4438879180092186, 3.443839692956187, 3.443791601070069, 3.443736603205054, 3.4436856172706145, 3.4436338560802042, 3.443584590691318, 3.443533267030691, 3.443483161446898, 3.443435322010079, 3.44338244783887, 3.4433318010828153, 3.4432789398450945]",231.33669352531433,200.0
10,70,0.005,0.01,0.001,3.506574588311567,0.0,0.0,0.07726054066488704,0.07578173941475921,"[3.4463906250339527, 3.446356839335235, 3.4463180838342904, 3.44628079668939, 3.446247559271538, 3.4462130497506656, 3.4461746251289074, 3.44613415680559, 3.4460942700324906, 3.446058269100523, 3.44601790597574, 3.4459752776327846, 3.445934687666983, 3.4458953247244852, 3.44585096811829, 3.4458106733745226, 3.445770789666327, 3.4457320894504604, 3.445690277225981, 3.4456475831477036, 3.4456094535205377, 3.445565565859614, 3.4455192114576936, 3.4454766682186637, 3.445433448744167, 3.445391168679641, 3.44534750667181, 3.445298594178212, 3.445252809454083, 3.445210546568255, 3.4451617606944973, 3.4451171540669656, 3.4450791431744783, 3.4450350760289656, 3.444987541588625, 3.444949736261692, 3.4449101866873506, 3.4448562935140488, 3.444813724954268, 3.4447737462729706, 3.4447277182668827, 3.4446803256280294, 3.444637302357849, 3.4445844638855188, 3.4445377178110226, 3.444489093184606, 3.4444396747169557, 3.444387473744434, 3.4443408940115607, 3.444288745695694, 3.4442433568140656, 3.4441944008213863, 3.4441464722086974, 3.444093630188323, 3.444042754031936, 3.4439905413717464, 3.4439375670246957, 3.443885004427014, 3.4438385043277986, 3.4437905663796635, 3.443739664014914, 3.443683993095531, 3.443633952710386, 3.4435821315549644, 3.443532766794577, 3.443485332268273, 3.4434313628526816, 3.4433777737892823, 3.443325390861774, 3.4432721473626815]",235.07726764678955,200.0
10,70,0.005,0.1,1e-05,3.506566930867687,0.0,0.0,0.07394745846126158,0.07560808410997383,"[3.4463906250339527, 3.4463548184659487, 3.4463184717271353, 3.4462754779338, 3.446246778293032, 3.446209459798889, 3.4461718277137083, 3.4461320051001976, 3.4460967257913877, 3.4460634435408686, 3.446024313655142, 3.4459868735507686, 3.445945833525727, 3.4459045112493274, 3.445865067076192, 3.445822213888456, 3.4457838102622453, 3.445746728506378, 3.4457054818962907, 3.445661459034761, 3.4456193631743055, 3.4455765359494652, 3.445532936814699, 3.4454918532162653, 3.445449735796939, 3.4454057474676154, 3.4453659482592514, 3.4453282384758075, 3.4452818576589213, 3.44523330197719, 3.445190244196262, 3.4451430130035416, 3.445098731749961, 3.4450570839660437, 3.4450059819055987, 3.4449580522696808, 3.4449173653982004, 3.4448673469792936, 3.444817614268144, 3.4447709417122447, 3.4447277586096128, 3.4446806355943744, 3.444629165796863, 3.4445750549528062, 3.4445307266190524, 3.4444844415034663, 3.4444390728499674, 3.44439005018422, 3.44434209815418, 3.444292934220438, 3.444242403154022, 3.444194531825478, 3.444143919471573, 3.444094399346088, 3.4440441337241423, 3.443993747210356, 3.443945989919901, 3.4438976043001617, 3.44384643059664, 3.443800399026109, 3.4437496397221428, 3.4436964055534234, 3.443643725845253, 3.443594108479516, 3.4435450604187894, 3.4434948014840767, 3.443440252543087, 3.443389757889234, 3.44333479888459, 3.443283341608862]",235.2587218284607,200.0
10,70,0.005,0.1,0.001,3.5065279340510966,0.0,0.0,0.07724369103118371,0.07304997620495936,"[3.4463906250339527, 3.446355631539146, 3.4463170594136314, 3.446276895777213, 3.446241649054496, 3.4462040715782285, 3.446163003912834, 3.446125096389774, 3.446085698577765, 3.446045146929207, 3.4460070034151506, 3.445970784268157, 3.4459271615509364, 3.4458858980297635, 3.4458380751100783, 3.445800167329405, 3.4457584634803324, 3.4457193158378105, 3.4456822270322798, 3.4456380017794035, 3.445592000827807, 3.445549983241524, 3.4455071760590155, 3.4454649237587978, 3.4454179324710643, 3.4453779976394796, 3.445334445094151, 3.4452903644148454, 3.445241573504962, 3.4451963135488577, 3.445150094490387, 3.4451054274572543, 3.445061647733267, 3.4450197990043514, 3.444974096572399, 3.4449318210468163, 3.4448844517807418, 3.444831816873328, 3.4447868910849855, 3.4447386985487802, 3.4446922416643315, 3.4446474034172665, 3.444600319430258, 3.444554586215191, 3.4445076327482633, 3.4444666036283866, 3.4444211955151127, 3.4443776122927665, 3.4443260181994817, 3.444278542102695, 3.4442288401988757, 3.4441795630559007, 3.4441317593247467, 3.4440818998155067, 3.444034433959892, 3.4439788069582162, 3.44393239737777, 3.4438854962129466, 3.443835921339409, 3.4437833121677572, 3.443729219407152, 3.443678040053349, 3.443623142491693, 3.4435693265509326, 3.4435182257152985, 3.443460439292396, 3.4434082772003713, 3.44335298331421, 3.443297211718301, 3.4432448723471754]",238.08948588371277,200.0
10,70,0.005,1,1e-05,3.506415803652372,0.0,0.0,0.07394745846126158,0.07287717961836634,"[3.4463906250339527, 3.446351096520087, 3.4463091416406626, 3.4462731395376043, 3.4462382527126807, 3.446201577656699, 3.4461637614914093, 3.4461269872442903, 3.446085788090525, 3.446049649322215, 3.4460126079785307, 3.4459770963935985, 3.4459353443931957, 3.445893840167487, 3.445853849910048, 3.4458119665741025, 3.445767951188854, 3.445729391176318, 3.445689947504978, 3.4456475313667503, 3.445609781682574, 3.4455631037667898, 3.445525490800916, 3.4454855152400765, 3.445440856395712, 3.4453951064006314, 3.4453480073518805, 3.44530565883306, 3.445257590143868, 3.445213790259735, 3.445168787597045, 3.445123856672931, 3.445077812861522, 3.445033302300511, 3.4449879211274883, 3.4449498525812343, 3.444901865972054, 3.444848705700859, 3.4447980223107995, 3.4447502889060684, 3.4447061826682397, 3.4446580316414845, 3.4446147050165945, 3.4445643743003673, 3.444516798472609, 3.444469956116693, 3.4444204523935746, 3.4443783631095117, 3.444331928352862, 3.4442886853141013, 3.4442347612412365, 3.4441862065079376, 3.4441391258745924, 3.444085973469515, 3.444035710974527, 3.4439904296699906, 3.443941119487616, 3.443895636585019, 3.443844825328495, 3.443794951915737, 3.4437430152002593, 3.4436880714664566, 3.443634378275599, 3.443584143092762, 3.4435372248490337, 3.4434860318730753, 3.4434334763856795, 3.443379025415984, 3.4433297264219975, 3.4432773991432217]",246.6495816707611,200.0
10,70,0.005,1,0.001,3.5064518859111664,0.0,0.0,0.07356009242810294,0.07244016434336796,"[3.4463906250339527, 3.446353772751389, 3.4463151606951317, 3.446281524214455, 3.4462467558520875, 3.4462086539576973, 3.446168278021678, 3.44613559738723, 3.4461018804064536, 3.4460614991243856, 3.446027498534673, 3.445992338137227, 3.445952260742299, 3.445908600821257, 3.445866585078087, 3.4458229542818533, 3.445782379257843, 3.445744481400956, 3.4457047354870105, 3.445660184347036, 3.445619641684033, 3.445584197676856, 3.445535698026739, 3.445494550568214, 3.445447646818687, 3.4454102371742508, 3.445368375192687, 3.445323476733515, 3.445281178137973, 3.4452381193200825, 3.4451950751177627, 3.4451492062391775, 3.4451063775806143, 3.445058961610546, 3.4450106658407793, 3.4449695527465853, 3.444925341185226, 3.4448805181936977, 3.4448351176575134, 3.4447885008229986, 3.4447404997172013, 3.4446911357222, 3.444641817004106, 3.444598351192325, 3.444548129848628, 3.444501132263954, 3.4444538844802506, 3.4444031811073983, 3.4443517377980193, 3.4443027528317183, 3.4442553115185173, 3.444206414496808, 3.4441600831248613, 3.4441120875908457, 3.4440656375398477, 3.444018133974083, 3.4439682973265264, 3.4439137294178854, 3.4438672736515623, 3.443814483595239, 3.443762247315656, 3.443713984169075, 3.4436603586167487, 3.4436043070335494, 3.4435541199603645, 3.4435042430047806, 3.443454704647849, 3.4434069358875483, 3.4433559021388365, 3.443308866888963]",239.20508790016174,200.0
10,70,0.05,0.01,1e-05,3.4705764961034427,0.09655355249204667,0.10124518170647545,0.05996939759329448,0.05397377953215518,"[3.4463906250339527, 3.4460149046253292, 3.44563018820403, 3.445227783250327, 3.4447538493372987, 3.444327982615905, 3.443879416854744, 3.4434054742789124, 3.442851432524333, 3.4422949082298824, 3.4417160230809953, 3.4411242944343474, 3.4405833564298858, 3.439945187311932, 3.4393084394103104, 3.4386823915242357, 3.4379863135611948, 3.4373155116215064, 3.4366350807680095, 3.4359652674481787, 3.435273900489781, 3.4345701666714294, 3.4339141451961765, 3.4332024588586014, 3.432490636146141, 3.431819238341822, 3.431139802482823, 3.4304559107125514, 3.429775328149992, 3.4290746137899784, 3.428385044529417, 3.4277025315441803, 3.426940167388613, 3.4262504634971793, 3.425562872679373, 3.4248972240439217, 3.4241598570081226, 3.4235020567904155, 3.422795382031828, 3.4221297783034155, 3.4214904461605227, 3.42084910253513, 3.4201520280305693, 3.419486608741084, 3.418822843797261, 3.418161426654656, 3.4174673477669937, 3.4168463850522865, 3.4162297446876138, 3.415617746973274, 3.414998822403379, 3.4143474830115443, 3.4136893247438684, 3.4130772016203568, 3.412446122890306, 3.411814908059383, 3.4112125950365666, 3.4106115874735754, 3.4099950223944693, 3.40939698405677, 3.408818053466601, 3.408272441241296, 3.407640658739108, 3.407086091997212, 3.4065330886253893, 3.405964864258111, 3.4053908967019306, 3.404853400899221, 3.4042723119747924, 3.403720314003854]",238.27804470062256,200.0
10,70,0.05,0.01,0.001,3.470429768773794,0.09787910922587487,0.10274747933814742,0.06059799570457532,0.05452534925490954,"[3.4463906250339527, 3.4459775689485204, 3.4456132396291608, 3.445160937745505, 3.444728586185006, 3.4442501674755643, 3.4437450272181858, 3.4432000556766282, 3.4426587352022473, 3.442043476553685, 3.441482901138754, 3.4408717848154735, 3.4402546537562535, 3.4396523901515916, 3.4390070852734698, 3.438330369179737, 3.4376999713381595, 3.4370540078729754, 3.4363892774620086, 3.4356917056796097, 3.435022866529771, 3.4343842370551574, 3.433644079413964, 3.4329675309274577, 3.432331048539496, 3.4316396040313153, 3.430963107941429, 3.4302576804807705, 3.4295844550096506, 3.428904875308417, 3.428197129457746, 3.4275312726422147, 3.4268531025939146, 3.4261408617883125, 3.4254258743232033, 3.424826382608978, 3.424118136322972, 3.423421812520242, 3.422777464175897, 3.422101986520543, 3.421450225146995, 3.420762128404296, 3.4200969185060743, 3.41941536712355, 3.4187593429597993, 3.418094511359372, 3.4174371259949425, 3.416798538863211, 3.4160746351315847, 3.4154206999486716, 3.414795264712903, 3.414205591974447, 3.4135724196285273, 3.412938998870149, 3.412346276155318, 3.4117876593508534, 3.4111747914166273, 3.4105987698120934, 3.409989099965447, 3.4093559922344183, 3.4087867762566715, 3.4081751037524204, 3.4075917915582603, 3.406964353178353, 3.406395142622081, 3.4057864896929146, 3.405205726451001, 3.4046780315975016, 3.404122667127169, 3.4035721730412174]",241.29059553146362,200.0
10,70,0.05,0.1,1e-05,3.471915744871951,0.09602332979851538,0.1001746368395361,0.05996939759329448,0.05397377953215518,"[3.4463906250339527, 3.4460385640519413, 3.445652377532779, 3.4451415405785624, 3.444713114877921, 3.4442206329879568, 3.4437312232915076, 3.4432438665601395, 3.4427049828050946, 3.442170285873083, 3.441604363825778, 3.441035002616745, 3.440476731546031, 3.439818671130742, 3.4391943278554913, 3.43854434724961, 3.4379617952947976, 3.4372749414665615, 3.4366160072744525, 3.4359683909100265, 3.435325975099381, 3.434676798871038, 3.4339877435167954, 3.433293248563506, 3.432621011893438, 3.431920019403153, 3.43123488454281, 3.430532882336122, 3.429871100437537, 3.429200727396815, 3.4285099915291797, 3.427887845735188, 3.42729430659252, 3.426656330923248, 3.4259740935631395, 3.4252874340720565, 3.4246441085417634, 3.4240355925375545, 3.4233456705451024, 3.422704786836244, 3.422073231248451, 3.4214353448590957, 3.4207974803848615, 3.4201481581874633, 3.419504422524323, 3.418877331508554, 3.418253363621289, 3.4176962432604268, 3.417115561003916, 3.4165140980043853, 3.4159101005171575, 3.4153011747955797, 3.4147475541745305, 3.4142263177580543, 3.413622095392013, 3.4130558010779386, 3.4124341527528146, 3.4118324369317725, 3.4112861081453136, 3.410740904311758, 3.4101610299379668, 3.4095913612459796, 3.409014972509696, 3.4085156611108927, 3.4079750196779455, 3.407493423873058, 3.406950616002402, 3.40639403299664, 3.4058720483252682, 3.4053131884797145]",255.51637077331543,200.0
10,70,0.05,0.1,0.001,3.471976153967429,0.09528101802757158,0.10096239626992544,0.05996939759329448,0.05307641120073747,"[3.4463906250339527, 3.4460535290379393, 3.4456560127239286, 3.4452349025887643, 3.4447228893671107, 3.4442786995950234, 3.4437506877775896, 3.4432310792958316, 3.442701277986875, 3.442130511017963, 3.441539792170017, 3.440963444476572, 3.440362462429516, 3.4397236918848013, 3.4390800839281686, 3.438440681931608, 3.437826214693178, 3.4372181382431504, 3.436588915383971, 3.435958859121892, 3.4352521524090625, 3.4345531862406076, 3.433922991704404, 3.433273697363667, 3.432622934354756, 3.43191170207736, 3.4312535958553476, 3.430592493276947, 3.4299012745323836, 3.4292000519207315, 3.4285062181236503, 3.427819628268575, 3.4271503524502793, 3.426512474398489, 3.425888399029232, 3.425250683304775, 3.4246051826225132, 3.423942502832732, 3.423270389875717, 3.4226177942490406, 3.4219679036724946, 3.4213219942497664, 3.420678195069166, 3.4200406645377694, 3.419411202932746, 3.418778022318714, 3.4181667400484645, 3.417566985732133, 3.4169319615184626, 3.4163438497556786, 3.415731345804058, 3.4151218626079, 3.4145030122613096, 3.4139342352764697, 3.413349243677543, 3.412793996967495, 3.41223345963904, 3.41166878625481, 3.4111220725876605, 3.4105480881282206, 3.410006848969236, 3.409459311421781, 3.4089378800621737, 3.4084586684745855, 3.407897434858549, 3.407349702680783, 3.4069010911050643, 3.4063990036763205, 3.4058690445881643, 3.4053731841051658]",252.70778703689575,200.0
10,70,0.05,1,1e-05,3.4791379684825143,0.033492400141392716,0.041177683515965596,0.03584139353454874,0.04554473286244292,"[3.4463906250339527, 3.44594072386148, 3.4455375782933304, 3.44505294543763, 3.444608719142535, 3.444146923805349, 3.443658800156507, 3.443253207442247, 3.442716687746959, 3.4421297434480174, 3.441576363497622, 3.441012404369041, 3.4404321141693273, 3.439956607749115, 3.4393733950428453, 3.4387836830581686, 3.438269056575696, 3.4376786660135235, 3.437084970281922, 3.4365229845343896, 3.435959169176841, 3.435373126220172, 3.434801917370719, 3.434250118915264, 3.4337075249146043, 3.433156865924564, 3.4326297815837723, 3.4321108258128734, 3.4315866105273396, 3.4310652528288643, 3.4305627146981097, 3.430056237461328, 3.4295539954644627, 3.42902811622005, 3.4285423674032702, 3.4280416736385253, 3.42758545667733, 3.427091605789608, 3.4265556624478086, 3.4261175066260763, 3.42567910088206, 3.4252400348260266, 3.424766046961348, 3.4242630664582943, 3.4238195780573317, 3.4234203675324855, 3.422954127070224, 3.4224648778741735, 3.4220016523737575, 3.4215965276420186, 3.421201685221884, 3.4208186376077663, 3.420442902001233, 3.420014244111019, 3.4195786231910956, 3.4191912565732347, 3.4187566392537767, 3.4183795718351555, 3.417984817337349, 3.4176001020615954, 3.417239542011133, 3.4169121248177543, 3.4165451083403306, 3.416162780649241, 3.4157956511077567, 3.4154484821686033, 3.4151059954976444, 3.414782439669217, 3.4144693746979886, 3.4141404362874037]",252.23307013511658,200.0
10,70,0.05,1,0.001,3.479204875833529,0.03444680098974903,0.04222634617650524,0.03584139353454874,0.04560383240187038,"[3.4463906250339527, 3.4460247041290413, 3.445621909376418, 3.44516203577619, 3.4447214444067473, 3.444238461123186, 3.443757287182856, 3.443248694176021, 3.442761097141125, 3.4421951170924565, 3.441643057788897, 3.4410986623840305, 3.44057221523188, 3.440011237267077, 3.439426976480925, 3.4388543093519326, 3.4382734164451367, 3.4376859583549786, 3.437165017969007, 3.4365719676927946, 3.4360092353069063, 3.4354225565763743, 3.4348387621142193, 3.4342621650324823, 3.433733981818757, 3.4331726757503396, 3.432651877930478, 3.43213780227226, 3.4316147970576925, 3.431037278481714, 3.4305504337917063, 3.430035582238512, 3.4295183161859684, 3.428981737016978, 3.4285147906950844, 3.427987708749325, 3.427546497471223, 3.427055899831016, 3.4265565454425024, 3.4260963266472615, 3.4256552457694935, 3.425233973377963, 3.4247732058825133, 3.4243346286584555, 3.423912037424743, 3.4234846204511156, 3.4230650400996425, 3.4226537353743383, 3.4222062493938505, 3.42173614908187, 3.4213256454051053, 3.4209234915958593, 3.4205161175784737, 3.420081766357534, 3.419683939188419, 3.4192477094742135, 3.418889730526023, 3.4184777172476815, 3.4180719354134723, 3.4177250236223817, 3.417374052263097, 3.4170269646101676, 3.4166649929712074, 3.4163033189654, 3.4159364259178924, 3.4155387424574855, 3.41520347361985, 3.414859997922509, 3.4145243333720683, 3.414200884558767]",247.7058298587799,200.0
10,70,0.3,0.01,1e-05,3.3868970733814527,0.05111346765641569,0.06313521520308371,0.034130247142087955,0.04187763209166723,"[3.4463906250339527, 3.4437700116195455, 3.4403086055845664, 3.4366068382706816, 3.4325415533621593, 3.428382336091912, 3.4243432113010037, 3.4201968134001306, 3.416220859088452, 3.412800395366806, 3.409415336868215, 3.4058388389285623, 3.4026268281368557, 3.3992747036321957, 3.395880040150092, 3.392763150189142, 3.3900974439796854, 3.3872315321329154, 3.3848450876243685, 3.3825890649069312, 3.380126798535029, 3.3780267280777005, 3.3762908606081505, 3.373998436636954, 3.3717310843223154, 3.369596812147735, 3.367748183961523, 3.3657805349846464, 3.36397346989446, 3.3621296756442525, 3.360477533248022, 3.3587899536410157, 3.3572152908240818, 3.3553714961974763, 3.353920781873686, 3.352305197004729, 3.3509725689717316, 3.349547827240295, 3.3480975597375737, 3.3469426542316256, 3.3453173421579856, 3.34372236974335, 3.342347510180478, 3.3413196333044364, 3.340222013048982, 3.339255009999729, 3.3377646976203468, 3.336317855222619, 3.335314376179582, 3.334403608198145, 3.3334085393466, 3.3322674189069272, 3.3315146202152026, 3.3306199812451265, 3.3297022770665046, 3.3286711360880474, 3.3278415742480347, 3.327033836431221, 3.326408312272019, 3.325663803571046, 3.324441223312757, 3.323761979992627, 3.323189703576902, 3.3223770926937726, 3.3216684040542925, 3.3206943053259255, 3.3200022644845153, 3.3192921058026075, 3.318556009379008, 3.3177352116453216]",233.56638646125793,200.0
10,70,0.3,0.01,0.001,3.386761813782373,0.050318133616118775,0.06134297833661566,0.033874155307532135,0.041370020621303044,"[3.4463906250339527, 3.443810327314897, 3.4402772567987525, 3.4362244172424137, 3.4322876380126743, 3.4279877042020117, 3.4239141881700914, 3.4198936680648067, 3.4161495201764773, 3.4124362741344676, 3.4085705419938286, 3.40504024333029, 3.4018921699956293, 3.398802932300271, 3.395742316447628, 3.392866095077741, 3.3903041832630954, 3.3875856083465816, 3.3848784320446006, 3.3821730780532904, 3.379895866244707, 3.3777132509070347, 3.375585184917865, 3.373626280043338, 3.371599496471717, 3.369799361174879, 3.3674465438122407, 3.3653797241986063, 3.3632763422887035, 3.36172620405402, 3.359855610616861, 3.358256387357818, 3.3569315998765425, 3.3553698652501605, 3.353690870663014, 3.352205362204135, 3.3508189007254785, 3.3496255823758325, 3.3482778037128007, 3.3471243564280257, 3.3455662564348816, 3.3440150440908534, 3.342747259471675, 3.3414744016846094, 3.3402457633638836, 3.3391038679884173, 3.3379695381878633, 3.336809212893675, 3.3358911420084896, 3.33487920002114, 3.3337701757965905, 3.332588087262654, 3.3317437399643564, 3.33082417918861, 3.3300090324598317, 3.3289834953181217, 3.3279030985107885, 3.3270774167809973, 3.3261784046724485, 3.325399456435276, 3.324699635378615, 3.3237524438359833, 3.3229154908359457, 3.322166437422687, 3.321334315788358, 3.320469244570154, 3.3195078587724893, 3.3188358928304322, 3.3184154298772848, 3.3176320671442614]",235.19618606567383,200.0
10,70,0.3,0.1,1e-05,3.4005184548253706,0.04922234004948745,0.06111616085104951,0.034130247142087955,0.04103681601751614,"[3.4463906250339527, 3.4434855711778076, 3.4403411214709165, 3.4367836741899294, 3.4329265544496796, 3.429009710638301, 3.4248806393867817, 3.4212182614016275, 3.4175715532330946, 3.4136941277933146, 3.410327033964658, 3.407189061468753, 3.403967155035193, 3.4009546481432333, 3.3980782251934305, 3.3954357406411533, 3.3926779766981436, 3.390202078547987, 3.3878082445089555, 3.3857968537733574, 3.3839287270388634, 3.3819041512832086, 3.3800671287130872, 3.3783735943617716, 3.3766967063508058, 3.3747032914287343, 3.3732600213791026, 3.3716973633475433, 3.3699876167385296, 3.36810328212701, 3.366904269146736, 3.365425282103578, 3.3642345411106964, 3.3630657414960883, 3.361572482210912, 3.3602777276602414, 3.3592670620832283, 3.3579786164030367, 3.3567581570113316, 3.3555797695753102, 3.3546050375278265, 3.3534622980697173, 3.352448322048345, 3.351482076498504, 3.3505104090320383, 3.3497081793940806, 3.3485770305206626, 3.3476827985627926, 3.346772251170769, 3.346054492605416, 3.345179375412437, 3.3443885522863845, 3.3435493420857822, 3.3426103687875397, 3.342087682407203, 3.3412631899767087, 3.340583637317719, 3.3396861560896824, 3.33916042789911, 3.3386317007089423, 3.3377222443444508, 3.3370568833502703, 3.3367051049696466, 3.3361781652990103, 3.3355265075705938, 3.334866313608504, 3.3340044063211316, 3.3336202550543046, 3.3329320751808122, 3.3321458784647477]",229.31341338157654,200.0
10,70,0.3,0.1,0.001,3.400367688122231,0.04922234004948745,0.060365012035213515,0.034130247142087955,0.03997838066357746,"[3.4463906250339527, 3.4437547598740554, 3.4402285876800724, 3.436483940521515, 3.4324524173725037, 3.4286418996440906, 3.424662340017648, 3.4207919297529013, 3.4169679547027876, 3.4132525351904315, 3.4098669965833768, 3.40677224805102, 3.4037000195109948, 3.4009831679763565, 3.398282049839959, 3.395518896888999, 3.3927830652214195, 3.390772487832346, 3.3882633606643897, 3.3860567752005872, 3.384008452692381, 3.3818559765644935, 3.379433824436349, 3.3776703141232507, 3.376035809159857, 3.3742632575867533, 3.372781662794046, 3.3713738673049725, 3.3697794079852823, 3.3681126398904784, 3.3668887853621983, 3.3653583773498412, 3.36404770413151, 3.362685220390477, 3.3613299148777873, 3.3601299133226212, 3.3588464108400777, 3.357479525850295, 3.3564734822690885, 3.355479359860006, 3.354283176409004, 3.3532403128889956, 3.352049979854388, 3.3510931510716695, 3.350042629370154, 3.348865875440264, 3.347963573736201, 3.3472358414579793, 3.3465092946069506, 3.3458360154245623, 3.3449371273725204, 3.3440559358042714, 3.3432705651292234, 3.342404337261393, 3.3416550537643497, 3.3409306944991117, 3.3402945134942774, 3.3397304733626934, 3.3392089031289, 3.3382436758166167, 3.3375333000559833, 3.3368458150233486, 3.3359255615852916, 3.3352385758211884, 3.3348794585598784, 3.3343304364628734, 3.333948075900617, 3.3332059333947166, 3.3326240286617743, 3.3320313925593994]",237.65873742103577,200.0
10,70,0.3,1,1e-05,3.427469126227065,0.02741251325556734,0.03786757898634887,0.024526753756028086,0.03787893924092371,"[3.4463906250339527, 3.444127532166824, 3.440741035943597, 3.437222555494986, 3.4339352607653995, 3.43063457706481, 3.427438128979111, 3.4245456832241574, 3.4221639177117087, 3.4195900567020696, 3.417378577431425, 3.4154174820190497, 3.413300711164129, 3.411218601170634, 3.409461471598833, 3.4075517783528304, 3.405832284198182, 3.404389893144444, 3.4029651690730036, 3.401520731460461, 3.4000534354644634, 3.3988914125700007, 3.3976022930321874, 3.396336712200166, 3.3950822595426273, 3.393807818932611, 3.392963883616063, 3.391921405977434, 3.390558453488465, 3.389497812351702, 3.3883321037936267, 3.3872623917809515, 3.3862692399388776, 3.3854843406592283, 3.384499677345255, 3.3837055199149013, 3.383005249763172, 3.381839657430659, 3.3808710560174684, 3.3798906855452207, 3.379292102036991, 3.378229870261269, 3.377578651492366, 3.376592927162455, 3.376175670118597, 3.375398048805287, 3.3748709404090724, 3.3742474636019084, 3.3734810672117286, 3.3728795724410987, 3.3724360588817146, 3.3716259364859966, 3.370968299782932, 3.3702739887968485, 3.369558298171598, 3.3690707364590313, 3.368548923134128, 3.3678016471987, 3.3672935908108537, 3.366591213002358, 3.366053090009537, 3.3657266085110953, 3.3653328372625584, 3.364694964654008, 3.364060268936154, 3.363676072735396, 3.363095036247153, 3.3624862210962805, 3.361975511837416, 3.361489437653742]",252.99018239974976,200.0
10,70,0.3,1,0.001,3.4279470226396263,0.02741251325556734,0.03623272568129408,0.026160332060715524,0.03564834757743616,"[3.4463906250339527, 3.44362043242653, 3.4403235127565117, 3.4370204790283023, 3.4336190905559194, 3.4303757332876614, 3.4273002165532978, 3.424548830145019, 3.4223388919722537, 3.419780304592548, 3.4175911817522784, 3.4153342559307243, 3.413202572737868, 3.4115595835654515, 3.4098443756392403, 3.408008085928129, 3.406266400109708, 3.404719151910293, 3.4030443561101134, 3.401585613928031, 3.4001288483131478, 3.3988925596315287, 3.3973558165562934, 3.396040275561585, 3.3950418703938285, 3.3935500450395844, 3.3925985847196483, 3.391349325283685, 3.3901825166541824, 3.3890691892130773, 3.388284230640491, 3.3873036105478382, 3.386327952167646, 3.3854675832721353, 3.384451063960749, 3.3836381673890497, 3.382738677165669, 3.3818102542252433, 3.3810939840762204, 3.380329500543934, 3.379538887894287, 3.3784632653011126, 3.377731424092612, 3.3769875934328026, 3.376261167020728, 3.3757363397003908, 3.374981306876363, 3.3743171536357783, 3.373666618953238, 3.3729032627346833, 3.3722493259677635, 3.3717831399968055, 3.3709673202874972, 3.370133343733278, 3.36955688073696, 3.369285275021885, 3.368568128741111, 3.368047860299204, 3.3672452833924496, 3.3667984534596997, 3.3661179344546746, 3.3657436777668264, 3.3651630186339547, 3.364823466872731, 3.3642586258598137, 3.36379361476273, 3.3632202052731444, 3.3626837977724313, 3.3624473467036773, 3.3619344979335066]",248.72587418556213,200.0
20,70,0.005,0.01,1e-05,3.506553565912903,0.0,0.0,0.07726054066488704,0.07578173941475921,"[3.4463906250339527, 3.4463519763785353, 3.4463129564092236, 3.4462729825185834, 3.446232936627451, 3.4462022312879217, 3.446166777547814, 3.4461339890747573, 3.4460952659438893, 3.446052151279963, 3.44601273195375, 3.4459726879238515, 3.4459337442733395, 3.445895527753089, 3.4458572212649474, 3.4458150642414416, 3.445774625285812, 3.4457309105462275, 3.445692028843937, 3.4456534663114193, 3.4456105135931536, 3.445565929070907, 3.4455201493878604, 3.4454787555251762, 3.445440935737657, 3.445391214857522, 3.445343422560068, 3.445295496097552, 3.445252374751578, 3.445206014162942, 3.445166342702571, 3.4451208716035526, 3.4450772617747867, 3.445038331261988, 3.444992718500987, 3.444950262301904, 3.444900148895022, 3.4448537664224608, 3.444802332947995, 3.4447510375433055, 3.444706673224244, 3.4446556056997695, 3.44460552748173, 3.444560978602521, 3.444517464430579, 3.4444644315815602, 3.444413571348059, 3.444366415623157, 3.444316177792126, 3.4442642775552286, 3.4442101861520946, 3.444164443010701, 3.444114352990867, 3.44406118425678, 3.444007682454721, 3.443956122882536, 3.44391051319976, 3.443861461633382, 3.4438117839554483, 3.443761549349092, 3.443712227321624, 3.443663513443094, 3.4436109960010666, 3.4435656470996743, 3.4435112954988787, 3.4434653597204785, 3.4434118198693886, 3.4433622226284357, 3.443309947358166, 3.4432565830670274]",268.65562295913696,200.0
20,70,0.005,0.01,0.001,3.5065365168699376,0.0,0.0,0.07726054066488704,0.07578173941475921,"[3.4463906250339527, 3.4463525715406957, 3.4463097974999615, 3.4462663019926505, 3.446226392968118, 3.446191145588433, 3.446154379246919, 3.4461160299682634, 3.446076970448497, 3.446031712326175, 3.4459944028958103, 3.445951830352098, 3.4459110864053057, 3.445870915144678, 3.445834370549654, 3.445794867887548, 3.4457524517121665, 3.4457117437171547, 3.445665654931446, 3.4456257788888642, 3.4455841819915047, 3.4455419326877283, 3.4455036341183445, 3.4454620813793055, 3.445417548182799, 3.445371656912002, 3.4453356032520306, 3.445293318312081, 3.4452442244549535, 3.445197962652084, 3.4451479037957213, 3.445102352800594, 3.445059603755159, 3.4450145955402416, 3.4449648308343384, 3.444917688629068, 3.444869660509384, 3.444819917665142, 3.4447728115296403, 3.4447299245223144, 3.4446857311539363, 3.444636539843317, 3.444592651407553, 3.444540423452885, 3.444496266326498, 3.444446027178543, 3.444397876912398, 3.4443468768541585, 3.444295714522316, 3.4442465267771216, 3.444202272171666, 3.4441530811157754, 3.4441017972607995, 3.444054449738748, 3.4440120059406247, 3.4439646526433005, 3.443911428563772, 3.443859196763003, 3.443808629829323, 3.443756446881579, 3.4437069667301206, 3.4436550371131065, 3.443601961723118, 3.443554342179068, 3.443504207147725, 3.4434559211243836, 3.4433993979615174, 3.4433474263673878, 3.443289861190548, 3.443237188667363]",262.77380084991455,200.0
20,70,0.005,0.1,1e-05,3.5065678384045524,0.0,0.0,0.07726054066488704,0.07303201685839893,"[3.4463906250339527, 3.44635826206439, 3.4463166800122904, 3.446279101021893, 3.44624022265567, 3.446199921530634, 3.446160636746805, 3.446124212413367, 3.4460826084709724, 3.446047990644925, 3.4460112285549114, 3.44597195135837, 3.445932613281264, 3.4458941726272494, 3.4458543476370815, 3.445807894513891, 3.4457704956534094, 3.4457241998417296, 3.44568278349224, 3.4456431059825503, 3.445604244391291, 3.4455576797966696, 3.4455210176274798, 3.445480384020706, 3.4454334517285248, 3.4453907703715503, 3.445354351880038, 3.445309050505308, 3.4452636506342373, 3.4452250535311273, 3.4451818184927703, 3.4451402401306814, 3.445094268201831, 3.445041394266647, 3.444995633239085, 3.4449505574827834, 3.444905388419159, 3.4448550707548815, 3.4448155060027874, 3.4447666341500827, 3.4447182029611874, 3.444671253436791, 3.4446269231069766, 3.4445830457569913, 3.4445345376352234, 3.444485599474955, 3.444436691228582, 3.4443946486445833, 3.444351935747116, 3.4442979172431567, 3.4442524610083494, 3.4442022243757546, 3.444156382930887, 3.4441070065679913, 3.444056006371901, 3.4440104663306994, 3.4439621088513332, 3.4439065718585615, 3.443860611878259, 3.4438098924499823, 3.443762231469438, 3.443713093699323, 3.443659155325724, 3.4436077528395104, 3.443555422765182, 3.4435042787319805, 3.4434424829631456, 3.4433921378355072, 3.443338182707641, 3.44328447258802]",257.2207736968994,200.0
20,70,0.005,0.1,0.001,3.506502394887842,0.0,0.0,0.07724369103118371,0.07576206263181408,"[3.4463906250339527, 3.446354418351191, 3.4463209598729656, 3.4462813108435095, 3.4462387383781166, 3.4461969141798443, 3.446156611429719, 3.446110586406434, 3.4460642199206064, 3.446025915436653, 3.4459853239250755, 3.4459465509965788, 3.445903979571788, 3.445869559107732, 3.4458243632623633, 3.44578381089689, 3.445747331575473, 3.4457029616302135, 3.4456579010681607, 3.4456140758090443, 3.4455773000797936, 3.445534180445143, 3.4454878489933614, 3.4454442004889736, 3.445394363502843, 3.445352430407253, 3.4453070492238944, 3.4452602105299084, 3.4452200730013907, 3.4451738686154405, 3.4451280667115416, 3.445078162320048, 3.44503173920394, 3.444988260250586, 3.444940625221316, 3.444895473913684, 3.444852954330704, 3.444807699862795, 3.4447667861850886, 3.444720417348715, 3.444678266044827, 3.444629372336957, 3.4445806844468163, 3.444534081693786, 3.4444861695055264, 3.4444380133271206, 3.4443908695573984, 3.44434390466103, 3.4442949333839623, 3.4442477137033616, 3.444197225962459, 3.444150771126113, 3.444102549729771, 3.444059376395555, 3.444005113875142, 3.4439567935596633, 3.443907657427368, 3.4438572267917653, 3.443805708120709, 3.4437518035566934, 3.443702356908381, 3.443651492378671, 3.4435979095856735, 3.443540149628261, 3.443485806676177, 3.443435221273158, 3.4433823989057646, 3.4433310440180724, 3.443274675299286, 3.443220468340237]",268.65787839889526,200.0
20,70,0.005,1,1e-05,3.5064250002834587,0.0,0.0,0.07394745846126158,0.07287717961836634,"[3.4463906250339527, 3.446352233583363, 3.4463189106993855, 3.4462819339402837, 3.446239688050653, 3.4462078238693072, 3.4461801441500337, 3.4461424764694404, 3.446103191309044, 3.4460611514091015, 3.446019617942792, 3.445983251098415, 3.445943918400569, 3.445904768418323, 3.445864653718529, 3.445822682208375, 3.4457821191181828, 3.4457367951544318, 3.445695450082495, 3.445649540751164, 3.4456094108303317, 3.445561074016004, 3.4455162868190197, 3.445473649239512, 3.445433057731037, 3.445393137530478, 3.4453533461586714, 3.445312716858075, 3.4452703303481145, 3.445228749947614, 3.445190640053659, 3.4451463143642274, 3.445102243148202, 3.445057179965014, 3.4450081708372444, 3.4449599625755574, 3.44491698336041, 3.444871085915364, 3.4448254797010263, 3.4447763084720373, 3.444735013979828, 3.444691806630323, 3.444639539931124, 3.4445938205261992, 3.4445454172999987, 3.444492949745544, 3.444446766789575, 3.444395676497459, 3.4443514449177504, 3.4442994984759703, 3.4442483421874504, 3.444199505945502, 3.4441546824021025, 3.444106650443479, 3.4440568113083883, 3.444004787726858, 3.443952945144237, 3.443902734273514, 3.443848081604883, 3.4438000153314405, 3.443751427672261, 3.4436980139570608, 3.443644849137018, 3.4435948915282686, 3.443544836778381, 3.4434925497737945, 3.4434424767716942, 3.4433889574158645, 3.4433384800648885, 3.4432867568229226]",262.9693305492401,200.0
20,70,0.005,1,0.001,3.5064325788187296,0.0,0.0,0.07394745846126158,0.07287717961836634,"[3.4463906250339527, 3.4463567260839643, 3.4463206452612845, 3.4462833152044157, 3.4462473783590957, 3.44621051936202, 3.44616721094697, 3.4461309161246234, 3.446091786858693, 3.4460571719533717, 3.4460206924384438, 3.4459802473270282, 3.445942418768961, 3.44590444846738, 3.445864125499633, 3.4458219779545396, 3.445785237001269, 3.445749263902116, 3.4457031992023195, 3.4456572699053796, 3.4456089160185264, 3.4455667948010924, 3.4455234373282155, 3.4454801092182334, 3.4454331637442346, 3.4453916020434727, 3.4453489941163498, 3.4453022981478147, 3.4452520661830714, 3.445210166072521, 3.4451639067402016, 3.4451202244609314, 3.4450740458151907, 3.445030103220774, 3.444984969978802, 3.4449422600078186, 3.444900244209507, 3.444850805295269, 3.444799663163476, 3.4447535934306828, 3.4447068881495095, 3.4446607170089187, 3.4446093400002464, 3.4445630812440875, 3.4445151493582604, 3.444468478347248, 3.444422484798429, 3.444377549091857, 3.4443291679119836, 3.444282349833704, 3.4442330490167046, 3.4441828946123376, 3.4441374305851293, 3.444086130253505, 3.4440357303536717, 3.4439847883010493, 3.4439342281681853, 3.443884174494456, 3.44383455205315, 3.443786991316783, 3.443739758226287, 3.4436879494266086, 3.4436380915788236, 3.4435898946228614, 3.4435353411684457, 3.443486491645303, 3.4434358223714367, 3.443386552629907, 3.4433377222648716, 3.4432916167541445]",255.1738555431366,200.0
20,70,0.05,0.01,1e-05,3.4703918549210298,0.09602332979851538,0.10071495901294417,0.05996939759329448,0.05407002355639598,"[3.4463906250339527, 3.4460167424076604, 3.445588725746494, 3.4451748903892008, 3.4447086738330017, 3.444199241908265, 3.443740828629964, 3.4432137052276213, 3.442679550693997, 3.442074581528072, 3.441515870285277, 3.4409146695239543, 3.4403111373352075, 3.439695188620017, 3.439057577240097, 3.4384823911944284, 3.437817492942034, 3.4371746711099336, 3.4364900701398056, 3.4358563880250883, 3.4351722892555636, 3.4345146039416043, 3.4337992133645514, 3.4331062672207513, 3.4323798246584487, 3.4316828517278073, 3.4310445196092854, 3.430324891934802, 3.4295721899801506, 3.4288636669455363, 3.4281886303413565, 3.427536732195018, 3.4268149350161283, 3.426151731831539, 3.425450772679141, 3.4247377100262524, 3.4240462774012714, 3.423365107932215, 3.422676424568013, 3.422041315259048, 3.4213332729830683, 3.4206500060730067, 3.420023908096757, 3.419396888866847, 3.4187198869847233, 3.4180987681582, 3.417490515905944, 3.416851194762367, 3.4162053000114043, 3.4155843195128783, 3.4149584131207815, 3.4143315531952383, 3.4137093230980544, 3.4130584600835765, 3.412420649832406, 3.4117432042488933, 3.4111242345269113, 3.410494927688846, 3.4099132236434198, 3.4092723518796246, 3.408672294277277, 3.4081093039763437, 3.4075173306429436, 3.4069553433538258, 3.4063534210148907, 3.405791587821707, 3.4052527245082906, 3.404685940931904, 3.40408152909344, 3.4035329792158855]",258.36285948753357,200.0
20,70,0.05,0.01,0.001,3.4704995084530514,0.09628844114528101,0.10115681125755356,0.06010479292717366,0.054160397215039756,"[3.4463906250339527, 3.4459860008399454, 3.4455194859544376, 3.4450637645017776, 3.4446364903052604, 3.444191488440023, 3.4436788027330127, 3.4431414135953133, 3.4425836272912553, 3.442090079579919, 3.441546777418989, 3.4409615263255087, 3.440412002904921, 3.4398206875677606, 3.4392034115593044, 3.4385378339662105, 3.437888119604633, 3.437221672640582, 3.4365466913163005, 3.4358617107804617, 3.4351734131861136, 3.4344857506327378, 3.433789572440471, 3.433123113325922, 3.432402176189865, 3.4316958878920896, 3.4310201374443885, 3.4303438950846514, 3.4296701252239328, 3.428978301487797, 3.4283051279530232, 3.427626823443132, 3.4269787506355347, 3.426234663507192, 3.4255539711500234, 3.4248918034320406, 3.424197326174707, 3.423493183841183, 3.422819511624664, 3.422121934683167, 3.4214765362604145, 3.4208396684106894, 3.4201454607560597, 3.4194329510115713, 3.4187571354864246, 3.4181032805752287, 3.417448444024021, 3.416772419702795, 3.4161707954691285, 3.4155313254021626, 3.4148478854999307, 3.4142211002000136, 3.4136097565192527, 3.412998879946276, 3.412366066464591, 3.41175182828558, 3.4111558711653416, 3.4105296172637103, 3.4099672380230404, 3.40938440960488, 3.408761349602724, 3.408154151609332, 3.407569223377117, 3.406954290867129, 3.406394884618866, 3.4058207229364204, 3.405297053585472, 3.4047432106138897, 3.4041928832652615, 3.4036473781663394]",259.9323444366455,200.0
20,70,0.05,0.1,1e-05,3.4719479076663,0.09734888653234358,0.10287877257654564,0.06059799570457532,0.05353173689925103,"[3.4463906250339527, 3.445950059562296, 3.445571867159918, 3.4450842028897277, 3.4446127313872474, 3.4441457939447475, 3.443653666903512, 3.443160400102388, 3.4426483322311197, 3.442085925907451, 3.441454889858349, 3.4408934182054796, 3.440292946034373, 3.439687178769294, 3.43903326649428, 3.4384173037749934, 3.437808555319845, 3.437141378460418, 3.4365053913696, 3.4358357340714667, 3.435214465682764, 3.4345776039372184, 3.433909735050386, 3.4332512064149583, 3.4326145178250815, 3.4319439265074916, 3.431258728552759, 3.4305990210816297, 3.429923397312044, 3.42924366374115, 3.4285512842537527, 3.4278821210208013, 3.427247871073283, 3.4265310731565295, 3.425859511678377, 3.425240634361001, 3.4245814134785224, 3.4239017396148714, 3.42324672179977, 3.4225934741409123, 3.421906876119787, 3.421301960637036, 3.4206880980579704, 3.4201157391610915, 3.419501094530179, 3.4189049067632418, 3.4182356385509376, 3.4176271018625317, 3.41702420557008, 3.416428642636275, 3.415815176236877, 3.415248706634837, 3.4146100254172014, 3.414033789594292, 3.413471859085616, 3.4129395943928897, 3.412370475742497, 3.411802714695104, 3.4112250160139954, 3.410680469166534, 3.41012121957371, 3.4095560670284297, 3.4090006555159, 3.4084554717176268, 3.4078885543053805, 3.407314440941584, 3.406797050226295, 3.406271253210085, 3.405828677884815, 3.405332731693355]",259.417897939682,200.0
20,70,0.05,0.1,0.001,3.471891043252511,0.09734888653234358,0.10303026477469743,0.06059799570457532,0.05353173689925103,"[3.4463906250339527, 3.446010130108516, 3.445566763233704, 3.445161947990808, 3.4447241113731386, 3.4442357685795875, 3.4437615427872506, 3.4431721494794956, 3.4426381766423173, 3.4421120311938784, 3.441564705902224, 3.4410597582654763, 3.4404996966603787, 3.43989148047575, 3.439246748759709, 3.438604910703504, 3.4379452822892116, 3.437280820728142, 3.436618893942654, 3.4359310916357844, 3.435317792973006, 3.434667022281383, 3.434016528205591, 3.433334249652404, 3.432644887201636, 3.431959732670463, 3.4312326107323248, 3.4305364906049056, 3.429825284929697, 3.429213866565326, 3.428574401988073, 3.4279291632691034, 3.4272645122868064, 3.4265986619270907, 3.4259302824007434, 3.4252610619662596, 3.424589509658917, 3.4239558135495645, 3.4233188532925705, 3.422683957710602, 3.422056080208687, 3.4214638842544085, 3.4208474783899785, 3.4202267580367596, 3.419574652319524, 3.4189732282578174, 3.418327167663144, 3.4177345380785464, 3.417142132764185, 3.416582402558925, 3.416006408547973, 3.415423947046818, 3.414847889620979, 3.414212365898602, 3.413668313480974, 3.4130687543184424, 3.412496143393729, 3.411946649961135, 3.411380186207944, 3.4108122533515126, 3.4102580790158825, 3.409674859803848, 3.4090871915615644, 3.4085073267780297, 3.407972953850833, 3.407402524560356, 3.406884726491431, 3.4063375616870637, 3.4058051696048985, 3.405287013327808]",248.52322912216187,200.0
20,70,0.05,1,1e-05,3.4791341360711914,0.03418168964298339,0.04171548081940447,0.03602644978142501,0.04567604823361593,"[3.4463906250339527, 3.44601194354358, 3.4456135619149353, 3.445190071537351, 3.444736620455837, 3.4442430071338186, 3.4437381675313823, 3.4432457958876665, 3.442746582929881, 3.442251958016045, 3.4417181874763374, 3.441139742995357, 3.440571470321518, 3.440017300243128, 3.4394630326312843, 3.4389085620682653, 3.438352658399003, 3.4377797625160738, 3.437224118231108, 3.4366275356168323, 3.4360550105765975, 3.435461254112134, 3.434854715398057, 3.434279336701842, 3.433692953863939, 3.4331531766774885, 3.432579682433554, 3.4320369493675633, 3.431546807070132, 3.4310276493153626, 3.4305243893524437, 3.4299795521547938, 3.4294667517597643, 3.4289845509873347, 3.428473650518854, 3.4279265612430114, 3.427452801450492, 3.4269647781586716, 3.4264873576315487, 3.426025112000299, 3.4255610235287683, 3.425114926036812, 3.424670697721734, 3.4242100145682177, 3.423765306941172, 3.423312556522063, 3.4229018045899, 3.42247334284914, 3.4220538368745204, 3.4216084549459196, 3.421232889804884, 3.420830103408404, 3.4204301626674827, 3.4200378221613863, 3.4196390652713897, 3.4192273778554494, 3.4188531947433543, 3.418442261408106, 3.4180537553591495, 3.4176818518601717, 3.41728140679832, 3.416947390303146, 3.416571460434415, 3.4162000794187284, 3.415810922782001, 3.4154973996603406, 3.4151559001461314, 3.414784463288947, 3.4144617875813132, 3.4141396783855917]",245.80044054985046,200.0
20,70,0.05,1,0.001,3.4791209479289273,0.033492400141392716,0.04107163897725934,0.03584139353454874,0.04554473286244292,"[3.4463906250339527, 3.446001452176314, 3.4455298943298076, 3.445065732571386, 3.444587689585369, 3.444089169797224, 3.443649209171433, 3.4431207733957647, 3.442587574026444, 3.44206580486798, 3.441549487304891, 3.4410234670894204, 3.440480368080902, 3.4399535099376255, 3.439364081415993, 3.4388091158928735, 3.4382444573315736, 3.4377023236945683, 3.4371150080479085, 3.4365424960517617, 3.4359481474111617, 3.435388765034824, 3.4348070803767468, 3.434213872891313, 3.433672764498846, 3.4331245443320855, 3.432579246654932, 3.432038073480456, 3.4315038459097367, 3.4309720915966437, 3.4304305068490453, 3.429923932394439, 3.4293907341210113, 3.428855253049809, 3.428367444099569, 3.427843752721435, 3.4274036569968955, 3.426962059869324, 3.4264925471183525, 3.4259853186880087, 3.4255482648295015, 3.425128615594286, 3.424723470937907, 3.42427364521327, 3.4238550405912367, 3.4234033695810817, 3.4229383464872365, 3.422539089299009, 3.422100763254702, 3.4216824065585336, 3.421285960420154, 3.4208447071865895, 3.4204310155659896, 3.4200477254710844, 3.419645951853301, 3.419271642602267, 3.418857832868235, 3.4184373760271693, 3.418026021131401, 3.4176742525343977, 3.4173217187068055, 3.4170130074112977, 3.4165972709729426, 3.416256218458988, 3.4158892599988473, 3.415565551902428, 3.4151978964182095, 3.414859778745986, 3.414490490086668, 3.414127273862879]",240.8600082397461,200.0
20,70,0.3,0.01,1e-05,3.3867930463934885,0.051961823966065745,0.06330017337440455,0.033252229489641,0.04185982207874153,"[3.4463906250339527, 3.4438557044297333, 3.440602070765461, 3.436710933777473, 3.432593337226596, 3.428571424790313, 3.424139776419153, 3.4203164119225926, 3.4165795221475967, 3.4124639439466717, 3.408693631302437, 3.405133654663021, 3.4018545502354205, 3.3985328839186972, 3.395443253830085, 3.392782388489667, 3.390309882245316, 3.3876380043411998, 3.385023136552641, 3.3825122090749056, 3.380108762014652, 3.378018459484626, 3.3758319998613273, 3.37347618043349, 3.371478667395622, 3.369332839746266, 3.367437995694458, 3.365473746203712, 3.363704708458318, 3.361918490524598, 3.3602209632499793, 3.35854703759829, 3.3568107405984797, 3.3550934648546464, 3.353454369015708, 3.3521531710672963, 3.350893256138526, 3.3492385307989734, 3.34789109446217, 3.346623849786106, 3.345264703988365, 3.3439850106128666, 3.3429349677290787, 3.3414275794901007, 3.3401753271642214, 3.3387407874187467, 3.3377234331585015, 3.336658622611974, 3.335785677311436, 3.334525586342643, 3.3335021114046697, 3.3323723561957292, 3.331275354827355, 3.3304158278760188, 3.32926405703205, 3.328446928623999, 3.327625805557153, 3.326723808704444, 3.325887847663743, 3.32515582266956, 3.3243426236663405, 3.323332902823435, 3.3224898933835045, 3.3217729992584997, 3.320670954529771, 3.320164171296781, 3.3194444258229403, 3.318783951703579, 3.318337864276254, 3.3175802189168424]",238.16665315628052,200.0
20,70,0.3,0.01,0.001,3.3866919056916536,0.05111346765641569,0.06228980457506438,0.034130247142087955,0.041543433076484663,"[3.4463906250339527, 3.4437239800483552, 3.440327969388241, 3.4363378939386413, 3.4322192838497307, 3.428158758545584, 3.4241164662510415, 3.4198898713167893, 3.415890726542107, 3.412508837839949, 3.4089288308588483, 3.405223875512588, 3.4018653881615064, 3.3985917364972194, 3.39527284664068, 3.39212843393746, 3.3893837063079695, 3.386506601475777, 3.384088165586545, 3.381691380069381, 3.379527621099754, 3.37708213575906, 3.374959814247109, 3.3729224349668048, 3.3710560482936254, 3.3691524377439372, 3.3673435168388335, 3.365504611566893, 3.363444464694391, 3.3616761854324166, 3.3599441018661302, 3.3579811087837474, 3.3566062417096605, 3.3550563717690873, 3.353319591483167, 3.3519307906133466, 3.3505814796771194, 3.3492555416510177, 3.3479800549641126, 3.3467284248067792, 3.3453002720538354, 3.343790248694361, 3.3424368462543876, 3.3414991080569796, 3.340231152091201, 3.3390803426907243, 3.3380357358393846, 3.336852423712369, 3.335968668177251, 3.334927155649263, 3.333723836900846, 3.3329406994598663, 3.331751805030431, 3.3309406110486117, 3.3298979259545622, 3.328834740226253, 3.3278508647702707, 3.32692497140948, 3.326080068738266, 3.325015003407162, 3.324257305448517, 3.323700194857965, 3.322875881094358, 3.3221778697499214, 3.321288989400129, 3.3202752670137814, 3.3197939519762354, 3.3190509182211576, 3.3183199328863453, 3.3175021263256728]",239.93502831459045,200.0
20,70,0.3,0.1,1e-05,3.400843573053857,0.050282785436550015,0.060777407463515634,0.034130247142087955,0.03894071292852136,"[3.4463906250339527, 3.4437531242015833, 3.440348311257749, 3.4366350938563026, 3.432736785914413, 3.428618444379255, 3.424771790684609, 3.4208517538270447, 3.417185158652128, 3.413647785988276, 3.410309078423506, 3.407331223664901, 3.404445060012277, 3.401644514602312, 3.3991465289386147, 3.396367767885333, 3.3935987181956078, 3.3909940155327325, 3.3885439036577556, 3.3861072676076076, 3.383874864754223, 3.3818114749735297, 3.3799855956712426, 3.378160225205525, 3.3766499377560035, 3.3749723222006116, 3.373081840641528, 3.37146866215387, 3.3700008318031136, 3.368575808711218, 3.36704654002157, 3.3654587376398264, 3.364047552908911, 3.362639763623923, 3.3614139830012024, 3.3603200383989598, 3.359045910761295, 3.357945509360608, 3.3565929039918263, 3.3555743745489837, 3.3545606116210864, 3.353376750241858, 3.3525145114884265, 3.3513714759195516, 3.3507525856848837, 3.349802197643176, 3.348798110790167, 3.3477523539082648, 3.3470122034606957, 3.346085743779775, 3.345127403295707, 3.344559118453477, 3.343578366749484, 3.342663638679958, 3.341827348517134, 3.341069843392508, 3.3405127789233338, 3.3395866381979777, 3.3389979262546228, 3.338371757561545, 3.3377757958784224, 3.3370743973587906, 3.3363039955281013, 3.3358913453493817, 3.3352188735516, 3.3346809318861625, 3.3340462266677613, 3.333680050350021, 3.3332278546813243, 3.3324443147741487]",238.45779490470886,200.0
20,70,0.3,0.1,0.001,3.401139278090444,0.04922234004948745,0.06174106616842566,0.034130247142087955,0.04216538136003164,"[3.4463906250339527, 3.443649089350782, 3.440044817431759, 3.4365468373825894, 3.4327065528539498, 3.42859362116339, 3.4246968907486894, 3.4209111762664235, 3.4172051829450387, 3.4138021244304118, 3.4101376526246567, 3.406916462790099, 3.4037149849516073, 3.4006047255932788, 3.397848928312813, 3.3953487051485465, 3.392963610145498, 3.390718942070573, 3.388360410398829, 3.3860318185676594, 3.3837302788924304, 3.3819287229101547, 3.3799201483966046, 3.3779854511670306, 3.376054875656049, 3.3743405081893254, 3.372800637938808, 3.3712144755767786, 3.369630540856023, 3.368517990981042, 3.3670593227932324, 3.3655495862643208, 3.3644839744741866, 3.363199809932059, 3.3619524997210215, 3.3607393673818424, 3.359594788867092, 3.3582965866411385, 3.3573369813844876, 3.356257927951534, 3.355037106319405, 3.3540926595238636, 3.353123548985141, 3.3522114154160407, 3.3510664258859775, 3.3502828093976884, 3.3494789974890815, 3.34829633630485, 3.3472804330757504, 3.3465552313597127, 3.3455295515895895, 3.3447199980794693, 3.344181017066552, 3.3432641904207103, 3.342453020821659, 3.341879714690079, 3.3407971723150647, 3.340048241071756, 3.3392649063821676, 3.338371198612493, 3.3380764760638937, 3.337673077754378, 3.3368957294680737, 3.336143465074668, 3.3356486246343695, 3.3349265215875605, 3.334298759855398, 3.3338248327781606, 3.3333087989609647, 3.3327289822687423]",239.69011068344116,200.0
20,70,0.3,1,1e-05,3.427984420192684,0.027465535524920467,0.03533303034893703,0.026160332060715524,0.035273539884354554,"[3.4463906250339527, 3.443945290559729, 3.4405995621289134, 3.4370969798490707, 3.4336492196415964, 3.4303641793655526, 3.427387580769231, 3.424640808917065, 3.421830233713507, 3.419639441369976, 3.4173270209800917, 3.415197808708538, 3.4131413463910576, 3.411539821398289, 3.409522782691977, 3.4080125561121717, 3.4062945179103377, 3.404321053456453, 3.402876914736713, 3.401486268027092, 3.4001239329244672, 3.398827349529084, 3.3973995966991883, 3.3960687296219434, 3.3947285071904103, 3.3933604622273736, 3.392552279909673, 3.3913602459610463, 3.3905844062440043, 3.3896385406957035, 3.388309613070576, 3.3872734116546677, 3.3862752782241747, 3.3852127217928354, 3.384312737573294, 3.382980039679987, 3.3823826905946692, 3.3816547314043257, 3.3810678332790447, 3.380030153215973, 3.3791756553836905, 3.378551634313956, 3.3779868777664097, 3.3771024205180318, 3.376483270871755, 3.375751855485304, 3.375190636180247, 3.3742782052697153, 3.3737669862132535, 3.3731571674479603, 3.37256785021, 3.3717812480257576, 3.3711734518751313, 3.3703418896692936, 3.3696572663206528, 3.369275890612518, 3.368790485348299, 3.36806923092211, 3.3674481759049444, 3.3669509103273763, 3.3665135612515282, 3.365889948602081, 3.365476945492722, 3.3647575192099257, 3.364054634019566, 3.363811022974162, 3.363376412719927, 3.3627949980236913, 3.3622434654887576, 3.3619757830320514]",238.22327160835266,200.0
20,70,0.3,1,0.001,3.4279429918497506,0.027677624602332977,0.03724014879900352,0.024526753756028086,0.035589768436992686,"[3.4463906250339527, 3.443225897654734, 3.4402216844761733, 3.437113215280925, 3.433851248153656, 3.430415287503438, 3.4273155213619115, 3.4248104744574164, 3.4221935414919287, 3.4195872713257702, 3.4176238662600182, 3.4158104923960355, 3.413500068554456, 3.411354047228457, 3.409550648165618, 3.407804859936797, 3.40612315633034, 3.4043125299680663, 3.4027292775260296, 3.401487409974128, 3.4001854047012476, 3.3988180668091337, 3.3975218629647657, 3.396175807769329, 3.39485035142287, 3.3936268170469153, 3.392303223545478, 3.3914746826453066, 3.3901879258037293, 3.388951069092164, 3.3880658736912976, 3.387101089133534, 3.3860192534611553, 3.385376592348364, 3.384223505147745, 3.3834462319372425, 3.3825726001983845, 3.381901094434813, 3.381156803556777, 3.380110578990897, 3.3793727724865454, 3.3782697119060936, 3.377600039018399, 3.3768393798299416, 3.376066249246671, 3.375673494338741, 3.374775444188085, 3.374129821517275, 3.3733429533653654, 3.3730404514591394, 3.3724251938568837, 3.3717766555276216, 3.3709013445382845, 3.3702381670863355, 3.3694807271285936, 3.3690795780865836, 3.368418543347139, 3.3677846476209936, 3.367257655331588, 3.366965452028807, 3.3664536793714572, 3.366015029462715, 3.3652943070494925, 3.3646620027830503, 3.3640615505013023, 3.3633600704757836, 3.363144677101818, 3.362832759650233, 3.362398916837336, 3.3619425799858877]",238.45425605773926,200.0
